actual,prediction
299.557,266.47342
257.19,273.43805
304.742,259.03583
148.672,215.89801
92.023,159.43257
74.217,82.19108
20.005,23.317604
0.0,5.7724524
0.0,0.16488501
0.0,0.0
0.0,0.0
0.0,0.0
0.0,0.72774136
0.0,1.798419
0.0,1.7749351
0.0,1.404487
0.0,0.0
0.0,0.0
0.0,2.983342
17.943,17.806746
83.965996,80.268654
126.467995,143.69118
253.84102,197.00049
305.509,236.03384
323.743,251.90173
328.312,251.54478
280.654,230.83595
204.79,183.15671
164.691,134.03195
104.177,68.80307
16.782999,19.379753
0.0,3.6765442
0.0,0.0
0.0,0.0
0.0,0.88072675
0.0,2.7337942
0.0,2.8299747
0.0,3.5152295
0.0,3.3028283
0.0,1.8923948
0.0,1.3210311
0.0,2.1706061
0.0,4.166343
20.192,12.04618
101.215004,79.454544
148.764,151.31514
130.413,201.01334
294.255,235.21313
273.178,256.40768
330.82498,262.20053
309.366,251.01437
232.72202,206.32423
159.575,147.52132
93.698,76.53534
23.329,15.172527
0.0,3.0067077
0.0,0.48091286
0.0,1.2098998
0.0,1.1226196
0.0,2.7118924
0.0,3.089806
0.0,2.0349364
0.0,1.6445293
0.0,0.3361534
0.0,0.0
0.0,0.5872137
0.0,3.680032
15.501,14.632597
76.751,75.035545
167.542,143.9811
151.217,199.74316
164.474,238.00005
314.39,262.71793
285.337,280.85846
194.686,252.24097
212.585,203.98799
132.612,143.79988
67.672,70.47205
28.352,16.408945
0.0,4.2895665
0.0,0.0
0.0,0.86368775
0.0,1.8915697
0.0,3.181192
0.0,3.98565
0.0,4.3032227
0.0,3.1741614
0.0,1.4678806
0.0,0.04927931
0.0,0.18301433
0.0,5.07623
18.003,25.385239
109.018005,74.098434
168.743,138.30527
234.16699,199.94597
194.728,241.59819
182.462,257.6522
331.499,264.6106
172.616,251.7369
206.741,211.53752
117.556,150.5212
76.192,84.09125
23.966002,25.911715
0.0,5.7288656
0.0,1.7604456
0.0,0.8560361
0.0,1.5007647
0.0,3.107853
0.0,4.480556
0.0,2.5305328
0.0,1.4544846
0.0,0.7526568
0.0,0.9296356
0.0,1.6734033
0.0,4.072296
24.104,18.54409
89.651,83.38948
164.569,138.963
152.661,187.41045
306.957,228.83171
242.71799,257.69135
122.711,262.12604
186.642,234.82797
205.287,197.70636
122.534,142.958
96.164,84.19763
20.567999,27.762238
0.0,5.09725
0.0,1.7015023
0.0,1.6809691
0.0,2.5061045
0.0,4.3772526
0.0,5.308341
0.0,4.3506627
0.0,2.4132643
0.0,0.96868795
0.0,0.0
0.0,0.05465647
0.0,3.6862407
7.6210003,12.067931
74.497,66.850945
130.527,136.02406
237.68999,200.7735
249.981,239.86829
321.749,257.43414
276.171,259.40125
300.028,241.96672
152.961,206.39404
116.098,138.84686
57.368,72.78725
17.896,18.257147
0.0,4.6541777
0.0,0.25087914
0.0,0.0
0.0,0.5451638
0.0,3.2438736
0.0,4.6214457
0.0,3.9177544
0.0,2.9234893
0.0,1.9703829
0.0,0.36222064
0.0,0.356507
0.0,3.3260484
23.546,18.878658
90.938,88.72825
178.61899,148.07365
173.95,201.39743
277.324,237.28452
228.271,256.62683
238.32901,259.13516
228.07399,235.62837
230.80602,193.81612
156.94699,146.57628
69.351,81.8254
13.813001,25.45636
0.0,4.1906195
0.0,1.6606495
0.0,0.47092694
0.0,0.69140834
0.0,1.8994704
0.0,3.8435628
0.0,4.456695
0.0,1.779222
0.0,2.0250604
0.0,0.8368343
0.0,1.7129878
0.0,4.74524
4.264,15.314561
96.132,75.167366
172.77899,134.44116
212.656,197.23659
215.39401,234.30643
254.097,263.78537
204.747,267.5534
291.53198,239.62318
158.125,197.96762
138.62599,142.89929
103.252,80.43936
24.463,22.38731
0.0,4.118392
0.0,1.5299865
0.0,1.1816616
0.0,1.6320586
0.0,4.0511885
0.0,5.801619
0.0,5.390535
0.0,3.9994164
0.0,2.4852006
0.0,0.4261998
0.0,2.209275
0.0,4.4495707
15.766,13.844696
69.399,75.70683
158.507,145.34923
185.556,195.10127
195.379,240.17091
212.235,257.00647
327.657,260.799
182.075,247.1217
151.004,203.56908
111.696,150.39261
90.323,88.89463
27.456999,26.18613
0.0,7.29503
0.0,2.011823
0.0,1.432036
0.0,0.9635502
0.0,1.1987443
0.0,2.888567
0.0,3.3549047
0.0,1.6426189
0.0,0.25656202
0.0,1.3628641
0.0,1.1996114
0.0,3.9734786
22.371,16.591227
69.872,74.283356
145.112,141.03262
226.70099,195.07518
205.047,228.88454
263.788,247.03333
302.16602,248.9849
243.255,231.46266
194.731,195.9865
114.335,145.88757
91.866,76.46794
5.9110003,20.111069
0.0,5.1264653
0.0,3.0560744
0.0,0.6574031
0.0,1.3149923
0.0,3.2792556
0.0,5.480863
0.0,4.1739993
0.0,3.0823712
0.0,2.694669
0.0,1.7235723
0.0,1.9177212
0.0,5.8652263
28.907001,17.130316
91.729,72.57922
148.162,138.26463
237.56898,192.65178
300.497,245.80553
226.225,264.62946
212.99399,260.12323
186.441,244.75456
194.071,201.24843
165.54,142.14543
103.49,84.9796
13.011,21.612688
0.0,6.2202096
0.0,3.0973315
0.0,2.9045868
0.0,3.841515
0.0,4.652984
0.0,4.597705
0.0,4.3556547
0.0,4.5884485
0.0,2.0331423
0.0,0.5728002
0.0,1.6420898
0.0,4.688303
29.756,19.838913
92.773,81.368996
105.812996,145.4673
231.323,195.63943
167.80699,228.37517
316.293,247.69153
306.783,257.60263
229.14899,247.19986
205.498,200.16838
158.518,149.36813
73.173004,84.690796
33.350002,26.143957
0.0,5.411316
0.0,0.22177388
0.0,0.0
0.0,0.0
0.0,1.2354462
0.0,3.55016
0.0,3.4119246
0.0,2.822417
0.0,1.8008147
0.0,0.41195452
0.0,0.2545448
0.0,3.5768096
20.961,14.374766
99.78,74.65704
140.38501,147.35388
237.00699,198.03606
241.48201,237.91064
187.65399,259.83978
257.79,268.92096
286.385,247.78047
223.441,204.99132
155.705,150.19778
91.621,81.00778
32.444,29.350885
0.0,5.3680153
0.0,1.6933881
0.0,1.2089438
0.0,2.2707615
0.0,4.0930996
0.0,4.056475
0.0,4.8441806
0.0,3.4980724
0.0,0.93478787
0.0,0.99800026
0.0,2.0408618
0.0,4.7350163
22.632,15.080112
54.412,69.73381
156.266,134.46652
194.16501,193.56921
239.63501,233.08981
278.577,257.5045
278.435,263.18713
249.95499,242.58821
204.041,199.30579
128.816,144.0433
57.404,82.84177
17.51,23.974731
0.0,9.990306
0.0,6.773403
0.0,5.272417
0.0,4.8556304
0.0,5.1610155
0.0,4.1632967
0.0,4.180949
0.0,2.8901427
0.0,1.9423163
0.0,1.2701842
0.0,0.81101775
0.0,4.312178
27.373999,15.4724
52.476997,76.26092
161.242,131.84581
173.708,193.6091
194.33,235.83768
314.41,256.48807
240.353,264.3803
217.77899,245.2937
203.98201,195.78873
171.425,138.20181
77.796,71.37179
12.169,19.948513
0.0,5.1319914
0.0,1.1039064
0.0,1.1366191
0.0,1.6178845
0.0,3.790089
0.0,4.288395
0.0,3.6375322
0.0,3.0397456
0.0,0.08924727
0.0,0.0
0.0,0.06475402
0.0,3.960801
19.847,15.670664
99.582,85.86554
150.043,136.59131
235.207,201.57286
193.807,248.1561
274.93298,264.57938
242.341,273.43335
229.60701,252.48804
185.877,204.88998
160.72499,142.91562
79.574005,70.730865
22.336,14.802971
0.0,3.4005263
0.0,1.5855569
0.0,1.6810937
0.0,2.3284688
0.0,4.474606
0.0,4.7657266
0.0,4.1490808
0.0,3.56672
0.0,1.2639432
0.0,0.0
0.0,0.123301
0.0,3.1018593
12.045,14.76793
83.542,77.37528
126.989006,139.13797
231.735,193.23323
203.82599,235.19853
271.97,257.109
198.86,267.43317
194.22299,250.48865
172.95001,201.8679
164.99501,147.86662
76.914,72.0188
23.673,17.405142
0.0,5.6604347
0.0,1.3803868
0.0,1.8136171
0.0,1.9872425
0.0,4.0927663
0.0,4.729869
0.0,4.465654
0.0,2.7358162
0.0,0.73167557
0.0,0.0
0.0,0.0
0.0,3.7062674
23.078,14.465091
98.015,78.21882
123.982,140.37737
226.726,196.0732
235.87599,235.97388
300.181,258.71497
145.101,269.16565
222.668,246.28403
204.241,203.91055
166.80101,151.61569
86.672,76.35556
20.029001,23.390451
0.0,3.960691
0.0,1.1368132
0.0,0.8336345
0.0,1.0763848
0.0,2.775092
0.0,4.026199
0.0,1.888027
0.0,1.6751925
0.0,0.0
0.0,0.0
0.0,0.0
0.0,3.0690901
22.898,15.271892
92.858,77.54953
151.817,149.21584
169.287,199.12411
215.52,234.6955
276.215,255.95763
286.226,259.64102
187.072,241.93349
189.467,206.33432
157.24199,139.45203
90.603,61.66201
21.266,16.372597
0.0,5.0521445
0.0,2.1497414
0.0,0.0
0.0,0.8492289
0.0,2.539058
0.0,2.5889828
0.0,3.6346107
0.0,2.5142365
0.0,0.7513708
0.0,0.14101942
0.0,0.0
0.0,2.913052
10.940001,17.921196
70.826,71.8901
129.828,129.98955
122.772,190.25192
281.716,232.44662
286.035,252.14517
283.28702,256.72137
252.94499,235.17906
216.76399,196.40802
106.289,141.1623
95.378,78.229
19.362999,23.723433
0.0,4.4263086
0.0,1.0324649
0.0,0.0
0.0,0.0
0.0,1.5722499
0.0,2.4109268
0.0,3.3747244
0.0,3.5810528
0.0,1.998233
0.0,1.5134473
0.0,1.735975
0.0,5.127038
17.913,15.193837
50.642998,80.312355
166.81099,150.7025
226.53601,200.54587
192.605,234.7572
174.929,265.55368
305.222,258.43378
267.073,239.30547
182.053,203.7858
162.801,136.74974
93.46,73.287476
11.87,15.502857
0.0,3.6501179
0.0,1.9710511
0.0,1.3581616
0.0,2.6911068
0.0,3.7542088
0.0,3.628949
0.0,3.687234
0.0,2.288305
0.0,0.61288303
0.0,0.95998484
0.0,0.68147254
0.0,2.7030194
13.057,11.652368
102.652,73.85478
163.105,132.12665
229.754,190.52129
250.342,229.19519
302.02103,253.5724
294.582,257.64774
280.99802,239.82869
148.077,191.7705
166.813,137.3771
89.6,72.88422
16.494999,18.014904
0.0,5.8924613
0.0,2.2828567
0.0,0.0
0.0,0.0
0.0,2.2854517
0.0,2.725088
0.0,4.4787846
0.0,4.027664
0.0,2.4539247
0.0,2.53162
0.0,4.269797
0.0,6.238211
15.214,19.169682
87.42,74.53106
155.709,130.56505
217.56401,188.51564
264.74298,238.25902
296.744,254.80473
290.613,259.26553
174.251,240.42938
181.614,200.58354
147.24901,141.3375
85.376,76.821625
25.347,24.792496
0.0,6.7739143
0.0,2.501253
0.0,3.0460513
0.0,3.3925803
0.0,4.5611677
0.0,4.869264
0.0,3.443327
0.0,3.1423273
0.0,2.7569592
0.0,0.05018359
0.0,0.6605689
0.0,4.210797
6.791,14.888214
58.789,73.93082
172.44101,130.94589
222.38301,190.2485
261.673,234.17227
262.233,248.46132
292.941,252.51253
267.69202,238.21436
181.666,200.308
142.938,143.74174
69.226,68.57212
28.745,18.65743
0.0,3.7165818
0.0,0.0
0.0,0.0
0.0,0.1457754
0.0,2.9322443
0.0,4.0516253
0.0,2.6553302
0.0,1.970163
0.0,1.0093498
0.0,1.0168592
0.0,0.9711856
0.0,4.175313
13.941001,16.069946
92.016,87.24419
121.271,138.39816
216.048,197.24916
267.55502,236.94482
275.495,261.05875
299.392,259.85684
282.644,235.07939
225.392,196.84387
154.916,139.45874
81.028,76.90203
28.060001,21.174732
0.0,3.2433577
0.0,0.16929643
0.0,0.0
0.0,0.8759788
0.0,2.290476
0.0,2.009518
0.0,1.9247289
0.0,2.5151455
0.0,1.7357776
0.0,0.0
0.0,0.0
0.0,2.6192431
13.359,9.702561
78.346,65.45919
164.509,140.2268
223.266,192.08165
206.539,233.61644
288.63998,252.34317
289.862,252.38106
218.31001,232.72946
184.69801,194.91241
149.442,137.71944
80.752,67.5587
20.862,16.255291
0.0,4.0320206
0.0,0.36036354
0.0,0.34391823
0.0,0.76852787
0.0,3.4369469
0.0,3.77145
0.0,4.3000407
0.0,4.0791454
0.0,2.9431524
0.0,1.4467893
0.0,1.7440732
0.0,4.399111
29.919,14.070153
80.942,71.20641
146.22299,135.54662
215.34799,190.49222
217.27,231.24493
289.844,253.56743
266.26,257.5309
258.553,241.3564
232.483,198.26193
152.172,141.86105
86.376,67.55292
21.481,19.34262
0.0,2.2184474
0.0,0.0
0.0,0.0
0.0,1.176621
0.0,2.863726
0.0,4.2336693
0.0,4.0873795
0.0,2.1912897
0.0,0.994299
0.0,0.24189456
0.0,0.90930784
0.0,3.3680692
29.188002,12.966447
90.982994,64.396675
145.02,130.05743
209.693,190.30914
191.626,228.17867
282.63998,252.71231
282.731,259.52826
263.286,245.44632
190.421,199.88347
151.072,139.84325
96.088,78.17062
28.352,17.72437
0.0,4.0087843
0.0,2.086474
0.0,1.0864452
0.0,2.2353585
0.0,3.651509
0.0,3.9628408
0.0,2.7138238
0.0,2.3384128
0.0,1.6521535
0.0,0.4946324
0.0,0.61999756
0.0,4.4425664
16.879,13.004425
73.51,62.6481
112.043,123.97124
206.82701,182.2535
180.963,228.9418
287.813,249.38686
156.015,261.95193
270.864,235.58838
204.28401,186.15016
154.539,141.60184
73.934006,80.019005
8.982,25.38306
0.0,8.83151
0.0,4.497907
0.0,3.7900405
0.0,3.2500467
0.0,3.6190066
0.0,3.8382893
0.0,4.2020516
0.0,1.3762618
0.0,0.54589015
0.0,0.4366613
0.0,0.0
0.0,2.7275693
23.697,11.911558
59.107,70.29542
96.181,143.89244
211.645,190.74683
248.70898,232.9167
289.316,255.20067
280.829,259.21194
156.052,238.54257
188.143,196.21872
151.318,140.37465
88.003006,70.55198
32.969997,21.642738
0.0,4.742595
0.0,0.22146653
0.0,0.0
0.0,0.48546827
0.0,1.8094565
0.0,4.055129
0.0,2.639765
0.0,1.7649767
0.0,0.0
0.0,0.0
0.0,0.7374183
0.0,5.198502
19.765001,17.165066
80.877,80.35963
149.478,137.45547
203.899,184.12408
257.001,212.375
210.04,243.41425
298.82,253.83879
224.60399,237.29929
133.54999,198.13133
139.18701,137.75082
64.263,75.71852
2.707,20.359982
0.0,5.774154
0.0,3.627066
0.0,2.032709
0.0,2.0795407
0.0,3.713534
0.0,3.4395933
0.0,2.3006756
0.0,1.0717065
0.0,0.14021382
0.0,0.0
0.0,0.0
0.0,2.86778
23.802,11.484077
58.433002,68.465576
151.849,126.97737
201.249,178.58621
151.72699,219.8152
293.689,238.27518
267.212,243.3198
266.411,228.16153
156.108,184.48659
151.83699,135.60783
51.023003,66.480606
19.421,20.51481
0.0,6.3858
0.0,2.212394
0.0,1.9609891
0.0,2.4295187
0.0,4.3542104
0.0,4.276463
0.0,4.928405
0.0,5.224108
0.0,2.9394882
0.0,1.600226
0.0,1.4349139
0.0,4.728478
16.142,11.6409855
91.989,66.74314
136.375,128.2847
179.431,181.65346
238.31099,229.69527
204.041,243.33131
286.055,243.50993
255.68298,235.77347
151.808,190.59854
94.084,134.73105
45.059998,69.47825
18.855,16.142185
0.0,5.2998757
0.0,2.7915566
0.0,2.4862912
0.0,2.3222797
0.0,3.194114
0.0,4.6544223
0.0,4.1209803
0.0,2.938888
0.0,1.294878
0.0,0.5735702
0.0,1.8105985
0.0,3.792645
15.301,16.620634
72.0,73.16995
142.38899,134.32407
179.054,186.96516
236.56499,229.2917
273.46198,243.0249
284.242,238.32047
201.79901,221.88875
206.354,178.26273
155.64099,126.80951
83.95699,65.68096
26.522001,18.437181
0.0,4.7633486
0.0,1.2679033
0.0,0.20042701
0.0,1.5595058
0.0,3.464182
0.0,3.7020388
0.0,3.1512163
0.0,3.660306
0.0,1.5169916
0.0,0.0
0.0,0.0
0.0,2.6746097
23.344,9.093485
85.403,57.567783
100.701004,119.82284
206.644,174.92032
220.113,212.70906
281.538,238.38383
197.09099,248.28104
198.933,229.09389
185.04799,186.02802
110.898,134.09956
81.314,69.546715
11.924,21.789738
0.0,9.045968
0.0,4.147311
0.0,3.9525557
0.0,3.1337018
0.0,4.0432134
0.0,4.8504767
0.0,3.3298469
0.0,1.7756631
0.0,1.7359605
0.0,0.49671757
0.0,1.6298909
0.0,3.4665115
10.456,14.005115
81.202995,64.56672
141.704,131.88112
210.356,183.84853
218.21901,221.26997
195.098,245.47772
235.60901,247.15747
193.357,224.58882
160.375,185.40756
129.61299,130.90904
62.711998,73.58116
18.073,25.557053
0.0,8.565862
0.0,3.7966244
0.0,2.3894293
0.0,3.042997
0.0,3.0101128
0.0,4.723217
0.0,5.368813
0.0,4.542141
0.0,2.340569
0.0,0.8177392
0.0,1.3454062
0.0,4.392428
24.810999,14.631489
78.386,66.548836
140.143,131.94435
192.291,179.36026
173.703,216.90392
264.253,244.51204
211.78099,250.05153
232.998,224.25739
215.505,181.99297
143.865,140.29478
70.746994,77.17199
15.641001,19.481295
0.0,5.969235
0.0,2.4511566
0.0,0.5285923
0.0,2.2586288
0.0,3.7501452
0.0,4.507215
0.0,3.3419633
0.0,2.1620908
0.0,1.1675264
0.0,1.8868898
0.0,1.0219742
0.0,4.6250854
2.8999999,15.959089
73.501,69.81896
137.545,128.13345
204.119,182.37106
225.87498,221.5057
214.156,241.91454
234.08699,245.38368
241.71599,222.58696
185.353,183.69093
150.0,127.184395
70.351006,64.43634
16.517,23.5501
0.0,6.4311514
0.0,1.5314164
0.0,1.7667886
0.0,2.1017675
0.0,3.629664
0.0,5.0796595
0.0,4.677862
0.0,4.6882443
0.0,3.8484547
0.0,1.6315976
0.0,0.0
0.0,2.6658874
20.294,11.189558
73.32201,60.47312
120.228004,118.45582
189.421,167.72287
246.73099,214.26324
253.832,237.64839
245.56801,239.35869
206.931,216.46667
186.661,172.15125
97.704,121.744545
63.108997,60.079765
29.037,11.672488
0.0,2.8534925
0.0,0.0
0.0,0.0
0.0,1.23433
0.0,2.5258546
0.0,2.607387
0.0,2.6641724
0.0,3.0018466
0.0,0.13927557
0.0,0.0
0.0,1.1078243
0.0,5.123756
15.448999,12.949612
74.677,68.61978
97.806,122.49178
200.791,179.8759
248.44801,210.52644
281.036,234.70857
222.99599,237.23701
165.30501,213.86853
198.489,175.43513
61.637,125.43078
82.011,68.81185
23.164,20.197788
0.0,5.9132133
0.0,2.4230802
0.0,1.9271812
0.0,2.4569464
0.0,3.7654195
0.0,4.1607637
0.0,4.1408744
0.0,4.021867
0.0,1.8736928
0.0,1.2206817
0.0,1.9001079
0.0,4.574449
24.408,14.456819
85.388,56.22147
143.556,122.76394
189.649,175.56934
221.388,209.17776
235.273,240.68306
254.42001,236.3796
240.125,219.55847
169.926,178.64651
135.101,114.81819
70.539,62.49949
17.911999,17.01136
0.0,5.029987
0.0,2.8201392
0.0,1.0191983
0.0,1.6014717
0.0,2.819764
0.0,4.6043696
0.0,5.358932
0.0,4.0094233
0.0,2.6662495
0.0,0.7049402
0.0,0.0
0.0,4.546054
15.973,14.600939
65.802,65.00725
154.043,118.1415
201.119,175.66751
245.122,210.85663
253.66801,229.62274
273.058,234.00063
256.819,216.89409
168.465,181.06429
129.813,133.65785
73.404,73.434044
6.7999997,21.894415
0.0,6.908903
0.0,3.9133496
0.0,3.1563153
0.0,3.683591
0.0,4.3457093
0.0,4.4960093
0.0,4.7563114
0.0,4.55549
0.0,1.212472
0.0,0.0
0.0,0.866496
0.0,3.054049
1.473,12.7776985
77.29401,71.323326
134.645,123.71262
199.045,169.1183
231.965,207.52159
183.491,238.06021
216.65399,238.57669
221.57999,213.80592
126.614,177.2121
145.001,130.40503
66.854,67.07537
15.395,17.25265
0.0,2.309238
0.0,0.6564729
0.0,0.49790174
0.0,1.2198777
0.0,1.6922816
0.0,0.76631325
0.0,1.3700402
0.0,0.46064013
0.0,1.09366
0.0,0.33640897
0.0,1.0218351
0.0,4.416714
20.27,13.742012
73.211,62.99942
116.731,119.80262
208.018,171.66713
237.16599,211.44766
223.39801,230.0967
253.444,233.60242
210.72699,212.28929
166.523,175.06723
153.582,120.940834
63.268,63.85751
23.91,17.031996
0.0,6.4525337
0.0,3.817913
0.0,2.7766528
0.0,3.627574
0.0,4.3712687
0.0,4.836639
0.0,3.5788202
0.0,1.8226583
0.0,0.24583845
0.0,0.35960647
0.0,0.0
0.0,1.8180382
14.442,11.623741
78.776,60.821716
114.884,118.966064
192.35399,162.79677
231.936,200.47922
174.04399,233.0077
221.60199,232.92812
232.34099,208.55748
193.485,174.34163
146.655,132.02505
47.246,68.05859
19.736,15.895173
0.0,4.840028
0.0,1.2665606
0.0,0.65477276
0.0,2.470928
0.0,3.8345847
0.0,4.8469305
0.0,4.4400425
0.0,3.571222
0.0,2.7899518
0.0,0.856667
0.0,0.68022853
0.0,5.094775
26.214,13.692441
70.123,56.065525
113.565994,117.22434
193.645,163.53415
187.562,200.74353
237.593,227.6925
243.376,226.93188
236.241,205.97052
138.11801,174.04836
141.336,123.529144
57.915005,64.457924
13.025,14.534365
0.0,2.1306624
0.0,0.0
0.0,0.0
0.0,1.6706887
0.0,2.751637
0.0,3.7733088
0.0,3.361275
0.0,2.6849823
0.0,2.6546993
0.0,1.7095875
0.0,2.328498
0.0,5.5306354
13.438,16.557848
83.397995,60.766956
109.744,113.774704
197.631,161.85484
188.438,201.15814
239.18501,222.0132
250.77899,221.78755
245.24802,208.94958
200.491,170.06561
106.79,129.24236
73.152,72.06707
15.681001,19.850029
0.0,5.3808646
0.0,1.4652648
0.0,0.0
0.0,1.3853791
0.0,2.8247917
0.0,2.7636242
0.0,3.4852393
0.0,4.785939
0.0,3.438228
0.0,3.1868474
0.0,2.8734562
0.0,6.3190074
6.728,17.84936
79.599,56.55618
126.921,114.74891
151.53499,161.64807
227.20099,198.7043
212.441,224.83015
257.023,223.82735
217.842,206.48271
133.502,173.51097
94.357,125.77994
45.278,70.69291
19.49,22.83927
0.0,6.133939
0.0,3.0566826
0.0,2.1632733
0.0,3.598653
0.0,4.1783314
0.0,4.3219295
0.0,3.5125246
0.0,4.151087
0.0,1.8181434
0.0,0.0
0.0,0.0
0.0,1.9442024
17.998,10.729631
58.739002,56.235474
136.674,113.681885
145.746,166.62909
238.105,202.92162
176.725,220.07213
221.054,223.68494
208.39801,202.02841
200.054,167.68648
137.701,118.66234
54.156,60.693447
14.191,17.502695
0.0,6.5915394
0.0,3.9789593
0.0,2.2526126
0.0,3.9455736
0.0,4.088094
0.0,2.5163555
0.0,0.30283892
0.0,1.0805892
0.0,1.0723649
0.0,0.0
0.0,0.0
0.0,0.0827717
9.001,5.611581
71.013,47.5041
114.05299,107.852646
194.593,159.3476
188.216,195.43684
245.63899,223.72957
253.97299,218.73798
212.61299,196.03886
196.787,164.28276
130.211,121.299675
55.447998,55.55036
16.619999,17.068008
0.0,4.9739895
0.0,1.3354574
0.0,0.08136271
0.0,1.045932
0.0,2.737387
0.0,0.8531049
0.0,0.044825844
0.0,2.1450047
0.0,0.10118249
0.0,0.0
0.0,0.0
0.0,3.7051673
21.078,12.256642
53.350002,58.122707
105.353004,115.20983
171.444,161.20242
172.169,206.13275
241.529,231.61758
202.223,227.8731
205.449,203.65613
167.644,171.58864
70.145996,119.81265
72.718994,64.81533
35.119,16.748184
0.0,6.172983
0.0,3.8014483
0.0,4.988602
0.0,5.293759
0.0,3.7540746
0.0,3.273097
0.0,4.347861
0.0,3.2252026
0.0,0.93429613
0.0,0.31261942
0.0,1.1299202
0.0,4.7843037
9.264999,14.414267
70.19601,60.5404
114.711,118.06701
172.717,166.49135
232.803,206.28735
208.711,222.09045
228.503,224.2018
239.90799,202.05005
151.641,162.43001
131.816,116.524796
67.804,64.18946
10.087,16.787615
0.0,4.256339
0.0,0.72114605
0.0,1.7110386
0.0,3.7055168
0.0,3.8650165
0.0,2.412892
0.0,2.560214
0.0,2.7623332
0.0,3.516116
0.0,1.0177068
0.0,0.11000692
0.0,3.4869459
12.068001,13.313674
55.464,54.67094
103.412,108.68368
192.565,158.92882
195.494,192.45973
259.018,213.1696
128.76901,216.16878
243.724,203.02473
173.298,166.4344
119.044,122.41823
78.472,65.61335
15.532999,16.48758
0.0,5.038842
0.0,2.2781882
0.0,1.335794
0.0,1.5421077
0.0,2.9466352
0.0,2.9329593
0.0,2.6218314
0.0,1.9455694
0.0,1.8139535
0.0,0.8686718
0.0,0.86437684
0.0,1.2553016
16.555,8.403822
53.775,45.7873
128.14099,99.748276
167.297,147.93013
219.607,193.41933
159.695,214.15366
241.7,219.60347
142.292,197.44556
181.788,161.99669
136.351,114.223175
40.814,60.26067
2.5349998,14.913665
0.0,7.1392574
0.0,3.7585912
0.0,1.7672868
0.0,2.9758844
0.0,3.1155984
0.0,1.8121871
0.0,2.7737362
0.0,0.9486158
0.0,0.0
0.0,0.0
0.0,0.0
0.0,3.3013563
18.897,13.277096
50.086002,58.9323
115.662,105.65053
176.793,160.09055
204.489,194.92584
183.002,218.9342
209.491,214.73642
152.674,191.52861
133.077,157.08182
103.425995,113.761246
64.06,54.43688
13.148,16.36455
0.0,6.1429377
0.0,3.1885426
0.0,1.7311285
0.0,3.1790986
0.0,4.0853977
0.0,3.0914464
0.0,2.9743233
0.0,2.096709
0.0,0.73602384
0.0,0.03588656
0.0,0.26974127
0.0,3.344566
13.592,12.388595
60.57,57.9955
120.741005,103.82941
139.33699,147.22038
159.79701,183.34908
226.495,208.72461
257.944,212.11795
238.037,193.8325
129.652,159.9026
85.463005,117.06037
68.833,59.925434
16.023,14.815313
0.0,3.337822
0.0,0.8799502
0.0,0.0
0.0,0.0
0.0,0.7843342
0.0,3.483251
0.0,1.5855747
0.0,1.8725685
0.0,2.7526157
0.0,0.9003896
0.0,0.65066063
0.0,2.6251607
17.655,10.4108
62.878,45.400864
112.854996,100.28824
170.752,155.23515
238.73299,190.6998
244.27399,208.78796
237.246,212.10234
168.144,194.02098
148.32501,152.68793
122.757,110.17648
66.863,64.39001
18.176,21.103395
0.0,5.2941556
0.0,0.7459111
0.0,0.0
0.0,1.126405
0.0,3.321668
0.0,4.2242737
0.0,2.5165982
0.0,1.8763716
0.0,2.5739336
0.0,1.4411631
0.0,2.0685177
0.0,5.1635876
7.363,12.435894
76.186,51.19169
123.168,107.755486
171.787,153.94197
160.15799,195.40051
201.02101,211.50797
168.06,213.96643
213.59201,191.9718
184.207,149.60683
140.028,103.87279
66.139,55.544044
20.938,15.980104
0.0,5.3592167
0.0,3.2717042
0.0,2.797346
0.0,3.8825812
0.0,4.476114
0.0,5.519438
0.0,5.988354
0.0,3.5429175
0.0,2.7263803
0.0,1.7463702
0.0,2.0134778
0.0,5.674177
30.442999,14.347567
47.472,52.72166
98.71,95.213104
105.365,141.80199
168.462,182.73091
191.053,204.57784
80.837,211.28154
181.974,187.16837
187.63,150.13861
131.158,119.10649
43.727,60.672207
12.437,18.832184
0.0,5.5768495
0.0,1.4819996
0.0,0.8502691
0.0,2.9717772
0.0,3.2071946
0.0,3.3463972
0.0,2.0744207
0.0,0.4873933
0.0,0.0
0.0,0.0
0.0,0.0
0.0,3.929355
15.931999,13.148696
51.425,56.233208
133.073,111.96166
181.19899,151.4939
231.75,185.80801
222.06299,205.85143
199.909,208.33893
101.421,188.9021
147.206,159.4635
115.365,111.46721
48.038002,55.44716
8.207,16.945473
0.0,5.325187
0.0,1.4308034
0.0,0.53899235
0.0,2.1248145
0.0,3.1219816
0.0,4.588937
0.0,5.049315
0.0,4.3356977
0.0,3.2139888
0.0,1.6795828
0.0,2.7688167
0.0,6.03924
5.013,10.369432
52.432,62.267895
100.719,109.76876
176.21,149.05788
136.582,178.66212
175.049,198.86691
217.90701,199.92296
197.326,183.01471
147.369,153.55186
92.215004,109.55541
76.985,50.376774
14.216,14.391466
0.0,5.0489607
0.0,1.829438
0.0,2.7274497
0.0,2.229763
0.0,3.2632115
0.0,3.6022298
0.0,4.0402436
0.0,3.4784694
0.0,0.3740685
0.0,0.3245789
0.0,0.27237806
0.0,4.1214943
17.173,11.697316
39.68,52.97695
127.89901,98.2106
179.428,139.16722
185.432,181.9788
170.98799,198.409
143.552,198.51491
199.72299,180.07976
184.656,148.51988
130.342,109.43534
52.532,65.817894
9.867,21.687862
0.0,6.282286
0.0,3.1798718
0.0,0.9793468
0.0,1.4823167
0.0,3.6091745
0.0,3.229088
0.0,3.0787914
0.0,3.3929589
0.0,1.4796152
0.0,0.0
0.0,0.9964376
0.0,5.8096156
13.892,12.5203495
67.254,53.11276
128.72299,104.833725
154.741,148.88322
215.819,179.60873
201.99901,204.89594
163.352,207.09349
207.15201,181.42784
85.602,148.51286
100.231,112.241234
50.582,57.228027
14.2699995,17.681625
0.0,4.2967005
0.0,1.3852723
0.0,1.0122342
0.0,0.90478
0.0,2.5471642
0.0,3.3421621
0.0,3.3478305
0.0,3.9343243
0.0,2.6203852
0.0,2.4401953
0.0,3.017868
0.0,5.7063932
16.296,14.048695
47.743,42.73683
109.11299,95.32851
144.942,144.20935
189.951,174.05385
238.83,188.69258
214.78499,190.8355
209.13101,167.18922
171.171,131.20444
114.30699,99.58799
54.068,47.32424
14.698999,14.498326
0.0,6.599849
0.0,2.2190733
0.0,1.1752832
0.0,2.4383123
0.0,2.801908
0.0,2.807696
0.0,2.8279867
0.0,2.757079
0.0,2.1108427
0.0,1.2314408
0.0,1.4759172
0.0,3.7079465
21.586,8.916255
67.276,43.339394
85.269,99.55841
115.13701,140.98663
111.312004,174.34084
152.589,188.89525
165.495,199.49869
85.655,183.41328
145.658,146.92412
101.122,101.74103
57.197,47.376305
20.841,14.543918
0.0,5.2709723
0.0,1.9857445
0.0,2.2879784
0.0,2.9590137
0.0,3.5154672
0.0,3.923295
0.0,1.6169512
0.0,1.1376705
0.0,0.0
0.0,0.0
0.0,0.0240031
0.0,3.6100059
16.496,13.535437
64.253,49.16827
103.81699,92.88639
146.81999,137.65283
218.046,168.71497
206.288,188.1646
144.87201,190.68414
123.981,167.94536
155.53,135.5739
71.988,99.19371
70.333,49.436447
24.699999,14.3098955
0.0,5.28492
0.0,2.736774
0.0,1.9880383
0.0,2.2606332
0.0,1.3148353
0.0,0.88615406
0.0,1.7009151
0.0,0.0
0.0,0.0
0.0,0.0
0.0,0.16056097
0.0,3.2460673
3.2910001,10.860854
36.433,49.783146
55.299,95.76678
130.14401,139.70395
188.777,169.88774
196.676,192.46092
169.113,193.14992
192.035,177.97414
99.363,150.08685
120.671005,102.77275
70.244,55.5193
31.497,17.04896
0.0,7.7876596
0.0,2.802264
0.0,1.3438402
0.0,2.0243971
0.0,3.0665407
0.0,3.181035
0.0,0.7915943
0.0,0.6739131
0.0,1.0929061
0.0,0.0
0.0,1.6492708
0.0,7.448819
2.814,23.292006
68.036,65.01674
81.917,97.85834
85.732,135.63058
206.881,168.80612
131.337,184.77847
183.711,186.0119
174.123,172.59703
131.90001,140.94266
98.207,101.93485
30.043999,54.47111
8.476,14.658407
0.0,4.1822205
0.0,1.397874
0.0,1.7110724
0.0,2.0020635
0.0,3.3412418
0.0,3.4501536
0.0,2.4005268
0.0,2.3411708
0.0,1.5443466
0.0,0.0
0.0,0.0
0.0,1.0978497
14.935,9.528832
55.013,44.863586
112.87,99.803795
80.734,145.42513
173.018,176.52783
164.66,198.14948
213.899,193.14572
138.056,171.21297
130.015,145.58746
103.46,106.3517
73.389,59.000866
25.91,17.868275
0.0,6.012236
0.0,2.9349556
0.0,2.8882904
0.0,3.325382
0.0,3.450493
0.0,3.2693925
0.0,3.9718642
0.0,1.7795148
0.0,0.0
0.0,0.0
0.0,0.0
0.0,3.7941883
9.935,10.771597
56.043,45.640087
79.65,91.499855
112.399,141.60088
157.99501,161.43819
181.22899,184.74803
121.212006,190.29175
181.368,175.55013
172.49599,144.21292
75.59,105.82066
60.255,57.890675
5.175,18.186409
0.0,8.58325
0.0,3.4248853
0.0,4.216174
0.0,5.1583304
0.0,4.092368
0.0,4.9713945
0.0,3.4039915
0.0,1.9945867
0.0,1.0784247
0.0,0.7935646
0.0,2.4526935
0.0,6.4420285
15.766,12.525677
48.364,36.30279
107.339,77.38625
78.954,121.28251
149.327,160.52516
197.56,177.83897
127.931,175.7999
106.71,161.70587
134.2,127.25222
121.937,92.74281
61.097996,45.491673
19.205,13.24178
0.0,5.3355923
0.0,2.169951
0.0,1.3243554
0.0,2.133799
0.0,3.2747552
0.0,1.7443125
0.0,0.99301136
0.0,0.5851091
0.0,0.0
0.0,0.0
0.0,0.06320266
0.0,3.202922
21.831,9.741759
43.299,38.032013
87.556,88.38113
130.993,134.06517
155.058,161.08481
168.257,177.1982
196.157,181.49171
225.609,170.10101
89.237,142.02393
93.635,101.89853
64.165,57.219013
23.452,14.194027
0.0,5.7915397
0.0,2.832487
0.0,1.3770221
0.0,2.301863
0.0,3.5618348
0.0,3.9764616
0.0,2.6514122
0.0,1.029016
0.0,0.3528203
0.0,0.0
0.0,2.708458
0.0,6.6476903
9.073999,11.532644
37.163998,29.213856
90.779,79.46045
147.365,130.56827
168.656,163.75449
218.45001,177.97536
156.054,177.83162
217.352,164.48286
148.895,124.81067
103.489,91.93947
82.856,45.729626
13.08,14.7313595
0.0,6.505524
0.0,2.4563057
0.0,1.8292277
0.0,2.5533566
0.0,3.235054
0.0,3.180105
0.0,1.6866294
0.0,0.0
0.0,0.0
0.0,1.0226924
0.0,1.4143646
0.0,4.2303333
9.438,8.263718
19.266,26.24419
94.959,73.01578
179.739,121.768776
125.213005,154.76508
208.834,171.18048
166.742,172.69266
208.782,159.1419
85.76,127.4806
123.81,92.22789
56.699997,48.01227
9.498,13.977313
0.0,6.5796785
0.0,4.2381372
0.0,2.880524
0.0,2.818947
0.0,2.8928118
0.0,3.0531495
0.0,0.0
0.0,0.3476486
0.0,0.0
0.0,0.0
0.0,0.2565863
0.0,3.2012706
9.002999,8.463828
52.04,27.302237
84.876,84.397026
97.545006,123.22212
204.252,162.48216
152.269,174.04585
149.743,175.45116
94.771996,155.51266
99.139,124.72511
94.818,87.151825
42.662,39.461605
26.362,11.720481
0.0,6.069086
0.0,2.4058714
0.0,1.2359153
0.0,3.3294973
0.0,3.1923442
0.0,2.579429
0.0,2.6111257
0.0,0.48842698
0.0,0.0
0.0,0.0
0.0,0.0
0.0,2.968236
5.647,10.435668
34.078,38.209255
64.504,91.24372
89.645996,126.53507
111.575,148.31271
114.147995,164.78522
129.11,163.74852
104.88,152.64362
121.29,125.24299
123.621994,94.14716
12.660999,47.964317
13.3880005,12.441879
0.0,3.281805
0.0,1.0049821
0.0,0.0
0.0,0.0
0.0,0.19730166
0.0,1.5767357
0.0,0.3581829
0.0,2.1573136
0.0,3.4601767
0.0,2.5346096
0.0,1.0914341
0.0,6.026292
20.806,14.793522
40.259003,45.832382
126.657005,91.58993
75.127,129.74623
125.502,152.16835
179.36101,167.84457
236.12,168.98102
199.961,155.51999
118.309,129.22984
84.818,91.59968
55.194,43.863914
0.0,11.426122
0.0,3.2464716
0.0,0.89382666
0.0,0.9531291
0.0,3.0392537
0.0,2.2452457
0.0,1.2986699
0.0,0.3124172
0.0,0.31016862
0.0,0.3250642
0.0,0.0
0.0,0.0
0.0,4.602267
19.645,10.598326
38.690998,40.163437
99.722,83.94934
164.324,127.03944
146.823,156.15933
153.971,172.65276
165.955,172.15213
211.91101,161.3886
117.543,127.0746
87.27,88.415634
50.802002,45.917156
23.003,16.72843
0.0,6.5257273
0.0,3.7952073
0.0,3.1657414
0.0,3.00223
0.0,1.1213481
0.0,0.22366656
0.0,0.3739763
0.0,1.0658926
0.0,0.55422765
0.0,0.0
0.0,0.6116471
0.0,3.3278182
8.896,9.155971
62.662,29.390635
61.065002,75.09171
131.347,117.749596
213.77701,156.07011
174.625,168.77403
143.79399,168.87468
134.121,156.88933
155.589,129.41989
95.673996,87.54891
41.229,40.860054
10.570001,13.525019
0.0,5.7958183
0.0,2.2007418
0.0,1.7204356
0.0,3.5358467
0.0,3.1327944
0.0,3.9378912
0.0,2.5212977
0.0,1.3158852
0.0,0.4754613
0.0,0.98660856
0.0,1.3276085
0.0,4.269172
13.847001,10.072285
45.025997,36.867203
60.961,77.64757
136.74,115.98057
136.89,141.79752
105.605,159.71884
181.397,162.90802
90.674,149.95995
168.51799,122.20184
116.90199,89.939255
42.145,45.872444
15.032,14.755832
0.0,6.362623
0.0,3.2290332
0.0,1.7439696
0.0,2.733354
0.0,3.2214236
0.0,3.7610226
0.0,2.9879346
0.0,3.312198
0.0,3.0152683
0.0,1.7432481
0.0,1.46647
0.0,6.0237556
5.221,17.178652
50.538998,46.56426
48.771,89.32047
83.316,131.41914
145.373,161.11258
179.49301,175.95973
105.884,180.89357
203.835,161.1254
104.883,136.67284
70.201,93.467705
66.097,51.96993
17.51,12.748587
0.0,6.406836
0.0,4.235827
0.0,2.8676682
0.0,1.76608
0.0,2.3939686
0.0,3.4135358
0.0,0.8728389
0.0,2.6797976
0.0,1.3190705
0.0,0.11945901
0.0,1.9335258
0.0,5.573842
15.677,11.375622
37.49,38.228695
80.791,77.232635
145.616,111.3487
159.394,134.51881
138.43,147.43767
163.136,152.70897
104.818,141.26727
112.55701,113.29843
83.337,79.41517
72.006996,37.406326
19.902,11.960459
0.0,7.2971573
0.0,3.285427
0.0,2.0909178
0.0,2.5063777
0.0,2.7617605
0.0,2.6772594
0.0,1.3614827
0.0,0.9732692
0.0,0.0
0.0,0.0
0.0,0.0
0.0,1.229388
10.488,6.426874
75.787,24.446169
124.04401,68.83498
174.684,107.96347
154.188,134.45952
176.371,150.73134
146.996,150.70128
147.52,140.67055
94.241,116.46608
81.623,84.03271
47.904,38.446133
10.757,14.751022
0.0,7.2978835
0.0,5.016701
0.0,3.6670566
0.0,3.4843707
0.0,5.01003
0.0,4.812794
0.0,3.153025
0.0,3.0892205
0.0,1.9186125
0.0,0.0
0.0,2.5405529
0.0,5.4989195
15.128001,11.469408
35.077,33.984608
70.563,73.55413
125.797,105.01522
146.18599,140.5922
155.57199,157.13115
145.43799,155.10902
141.823,137.34227
106.836,114.16972
95.736,82.26899
32.297,41.539455
13.524,13.927035
0.0,5.017484
0.0,0.84302515
0.0,0.6619083
0.0,1.4261558
0.0,1.2714881
0.0,3.2401643
0.0,2.1019745
0.0,0.47796062
0.0,0.0
0.0,1.5169448
0.0,2.8323512
0.0,7.293419
12.845,11.598631
37.707,33.79798
110.351,72.726944
85.124,104.36927
184.54001,132.9334
126.59699,144.48276
142.87599,149.06296
124.565,139.61098
61.003998,113.399605
114.920006,85.18573
49.661,46.22815
5.712,14.443987
0.0,8.394742
0.0,3.854851
0.0,3.438532
0.0,1.9385358
0.0,2.1993814
0.0,2.6482093
0.0,1.2399304
0.0,0.47908166
0.0,0.8629177
0.0,1.5162798
0.0,2.7490828
0.0,5.174447
0.26200002,11.078147
40.998,31.653206
80.843,76.64874
76.636,113.193085
164.526,134.1409
83.386,150.5281
104.426994,150.79893
144.38101,137.00145
70.749,110.96432
95.218,83.64449
45.121,43.35898
12.522,14.754699
0.0,5.089482
0.0,3.0278556
0.0,2.860552
0.0,3.6881447
0.0,3.8147666
0.0,4.6881394
0.0,1.4633155
0.0,0.0
0.0,0.30575883
0.0,0.0
0.0,1.1551802
0.0,4.9174566
2.1,9.596766
35.156,39.080425
67.966,77.29328
121.173004,113.36398
106.651,134.62643
152.49501,148.19644
146.0,151.26889
132.81,141.64265
106.45,112.79007
54.408997,85.64231
25.424,46.217663
24.192999,15.485435
0.0,7.5014167
0.0,3.585178
0.0,2.503568
0.0,2.3036585
0.0,2.9780731
0.0,2.7574995
0.0,2.6514397
0.0,1.280141
0.0,0.0
0.0,0.0
0.0,0.0
0.0,3.6162307
3.5690002,11.222525
60.759003,31.26728
83.215004,75.7868
178.053,104.25286
125.417,124.20867
112.204994,137.76828
117.631,142.89412
119.464,129.84488
126.05499,101.22989
90.242,73.88751
47.161,39.763397
22.441,16.15027
0.0,7.534472
0.0,4.8805833
0.0,2.2685032
0.0,1.9303163
0.0,1.8334951
0.0,2.4904323
0.0,1.9549826
0.0,0.0
0.0,0.0
0.0,0.0
0.0,0.049465343
0.0,5.204738
1.727,12.124501
40.108,36.366024
66.317,74.811516
128.287,109.21319
163.528,133.49684
141.778,147.39726
67.201004,147.97748
153.72899,132.40538
104.611,109.98173
106.451004,75.10709
71.039,37.192974
18.16,12.607358
0.0,6.1968083
0.0,5.04591
0.0,2.9724565
0.0,2.6146586
0.0,3.2940946
0.0,4.891543
0.0,3.2708113
0.0,2.8928425
0.0,1.9767178
0.0,1.5189717
0.0,1.7063651
0.0,4.4504786
4.644,10.891276
23.852,36.972496
93.709,78.02803
138.815,105.620316
152.773,130.84743
84.505005,146.47282
109.575005,154.27632
104.109,136.4621
135.048,106.14097
118.516,76.415825
24.724,38.8582
13.984,14.456356
0.0,8.750558
0.0,3.4857132
0.0,1.3893553
0.0,1.9941952
0.0,3.231937
0.0,2.8836977
0.0,2.3478487
0.0,2.21132
0.0,1.2021285
0.0,1.0467441
0.0,1.5305883
0.0,4.94315
10.693001,12.630766
35.985,27.065731
57.739,66.75279
91.266,98.659515
110.607,125.6311
139.604,139.9158
173.201,141.5789
129.7,123.096436
128.955,100.96015
44.885,73.386154
32.087997,38.023994
6.072,16.489887
0.0,8.402107
0.0,4.9382095
0.0,3.7107515
0.0,5.250999
0.0,5.265385
0.0,4.4322844
0.0,4.0781846
0.0,2.5482917
0.0,3.1868877
0.0,2.8226757
0.0,4.075386
0.0,5.8380156
11.051,11.259453
47.337,31.335533
94.708,70.36301
106.147,105.855606
146.40399,129.09178
129.448,140.72281
62.954,140.94586
132.65201,130.07185
92.523994,108.045105
55.783997,73.75888
44.166,38.330315
2.399,15.022899
0.0,7.0058603
0.0,4.0711865
0.0,2.535606
0.0,2.7770734
0.0,2.6624577
0.0,3.9396691
0.0,3.4298208
0.0,2.84477
0.0,3.0614014
0.0,1.7060091
0.0,2.45958
0.0,5.931171
19.469,12.252718
39.161,33.240665
24.149,66.02742
112.673,97.23602
126.131996,123.51941
155.906,131.38387
67.703995,134.09314
158.811,119.52667
85.763,97.02913
67.911,66.879265
38.205,38.236214
4.8789997,13.673981
0.0,5.703617
0.0,4.2928033
0.0,3.7170477
0.0,3.5432363
0.0,3.3036113
0.0,2.7891188
0.0,1.7190509
0.0,1.512014
0.0,0.6530176
0.0,0.45356765
0.0,1.3834717
0.0,5.1580715
17.652,11.1148
31.811,35.94565
74.47,64.76439
133.5,94.46198
152.689,121.13441
214.281,131.83963
174.071,130.80199
176.993,121.953575
155.273,105.112305
77.276,75.505615
33.596,34.18452
11.717999,13.06195
0.0,6.129228
0.0,4.3523903
0.0,3.647442
0.0,3.5637436
0.0,2.0596788
0.0,1.907232
0.0,0.97187155
0.0,2.8320358
0.0,2.5617445
0.0,1.8497237
0.0,3.0708275
0.0,6.2774363
6.7660003,11.656654
32.499,28.014914
50.04,62.72696
96.181,92.295105
78.1,120.427605
72.125,135.90523
125.59499,134.07933
140.17,125.24502
147.431,105.45027
88.631,77.53311
49.503998,41.432304
26.592,17.229168
0.0,8.103655
0.0,5.355915
0.0,4.347078
0.0,3.7223697
0.0,3.8776572
0.0,3.3198917
0.0,2.5514688
0.0,2.320387
0.0,1.5506992
0.0,0.0
0.0,1.2607807
0.0,4.2443686
2.167,10.161498
52.242,26.803028
76.656,62.687786
99.846,91.44076
142.81,115.12475
180.021,124.65196
94.301,126.35188
84.818,118.48512
154.14499,97.95065
46.671997,69.13709
37.253002,33.594406
9.884,11.02278
0.0,6.840437
0.0,5.8304915
0.0,3.9827058
0.0,2.5970745
0.0,4.5632367
0.0,2.61561
0.0,1.948004
0.0,2.3059056
0.0,0.20244263
0.0,0.0
0.0,0.93845356
0.0,5.0592947
20.652,11.152738
45.378998,26.923061
82.33,65.91999
33.766,92.94232
181.72299,115.04307
125.08,135.5197
184.461,133.2203
140.749,120.570694
113.546,101.56691
55.304,71.454056
43.351,38.725895
5.245,15.569344
0.0,7.8797364
0.0,4.671647
0.0,3.6151485
0.0,3.386307
0.0,2.9158993
0.0,3.176127
0.0,0.0
0.0,0.0
0.0,0.0
0.0,0.0
0.0,1.3283333
0.0,4.7932754
11.253,8.345124
51.689,22.580366
45.95,61.48878
80.556,94.38054
137.296,116.69015
176.093,130.0642
136.20801,133.89975
159.327,123.39341
51.439,99.41482
54.858997,68.05456
35.477,36.616764
11.674,16.73358
0.0,6.7189684
0.0,3.963263
0.0,2.9516952
0.0,3.2056642
0.0,3.5445175
0.0,2.4281986
0.0,0.15416951
0.0,1.2277719
0.0,0.0
0.0,0.0
0.0,0.0
0.0,2.2937357
15.0859995,9.597884
43.286,27.791134
96.237,62.58446
164.356,99.33103
163.989,127.21555
71.929,137.84857
70.89,135.13167
133.066,123.92344
130.221,98.5063
67.298,67.98044
43.638,28.884699
8.32,13.5330715
0.0,5.319548
0.0,1.9930596
0.0,3.1517406
0.0,4.1747274
0.0,3.6424193
0.0,1.1125674
0.0,1.5793871
0.0,1.775545
0.0,0.0
0.0,0.0
0.0,1.5457556
0.0,5.133978
15.989,11.816526
49.299,29.138529
37.514,63.05078
150.02501,93.981995
148.93599,120.18992
141.00401,130.87524
156.702,130.6343
146.205,117.37511
65.36,100.83437
73.496,71.17236
56.391003,37.237415
4.5210004,12.951368
0.0,5.254425
0.0,3.802283
0.0,2.1521823
0.0,1.4372547
0.0,1.183289
0.0,0.5332674
0.0,0.79916507
0.0,0.0
0.0,0.0
0.0,0.0
0.0,0.39610127
0.0,4.4883304
19.977001,9.515535
30.901,28.49809
41.78,59.64042
94.363,93.81116
104.54,115.223
161.034,129.17911
208.31,132.42032
154.88899,123.02049
75.774,99.69122
72.574005,72.50127
40.907,38.872513
15.478999,13.456154
0.0,6.781259
0.0,5.902339
0.0,3.8262894
0.0,3.2709634
0.0,3.8374076
0.0,4.4752593
0.0,2.776593
0.0,1.803073
0.0,1.4640435
0.0,1.7584963
0.0,2.7056725
0.0,5.8727193
15.9609995,10.827936
49.713,32.77968
62.437996,59.667564
109.674,92.79682
104.893,113.09797
128.78801,120.535995
122.70799,126.017334
180.294,116.74771
120.418,97.52456
59.866,72.03206
44.86,36.98038
7.1549997,12.498364
0.0,6.6543016
0.0,4.766215
0.0,4.063638
0.0,4.488672
0.0,3.7599127
0.0,0.9439439
0.0,2.3644266
0.0,0.9622997
0.0,0.0
0.0,0.0
0.0,1.9210713
0.0,5.206678
6.453,10.753016
19.206001,36.928543
85.347,67.98969
92.593,97.8331
192.211,119.7468
170.20401,134.19463
125.602,135.32727
138.007,129.14958
128.294,105.047554
87.546005,74.62028
25.243,42.204716
1.35,15.224799
0.0,7.0271425
0.0,3.0487332
0.0,3.4451418
0.0,4.518545
0.0,1.3564712
0.0,1.1449921
0.0,1.4843615
0.0,0.41390383
0.0,0.022179976
0.0,0.0
0.0,0.39997077
0.0,2.6092846
29.637001,9.705366
28.727999,29.437618
106.198,58.01966
108.618,85.28843
76.208,106.01155
189.224,121.228325
192.237,122.597694
117.9,113.16568
54.357,94.93304
61.976,69.9232
43.841,29.014393
13.792,10.783135
0.0,7.283949
0.0,5.2259135
0.0,4.1772995
0.0,3.1839824
0.0,3.1132753
0.0,2.0494292
0.0,1.2016917
0.0,1.4681523
0.0,0.0
0.0,0.24897999
0.0,2.068699
0.0,5.204735
0.0,11.356895
44.216,28.523075
36.988,62.001877
123.828995,94.121216
102.562004,113.28362
132.78299,127.9996
161.152,132.53041
60.630005,117.0847
101.363,94.620285
88.196,62.212643
39.691998,30.510698
16.089,11.873357
0.0,5.907965
0.0,4.525953
0.0,3.795285
0.0,3.5109425
0.0,2.8516355
0.0,1.701292
0.0,1.8491105
0.0,0.7421322
0.0,0.0
0.0,0.16599475
0.0,2.008164
0.0,4.876563
12.388,10.514402
45.919,28.10868
74.270996,53.818836
111.519,84.1739
71.493,105.412445
177.202,116.5158
126.171005,118.60276
119.61301,106.83869
98.748,92.40925
73.167,69.885765
33.966,34.49822
7.178,15.48167
0.0,8.150218
0.0,4.7108226
0.0,4.196477
0.0,3.7165866
0.0,3.6992855
0.0,4.1716666
0.0,3.0285318
0.0,2.062141
0.0,1.2476144
0.0,2.521262
0.0,3.6141083
0.0,6.7102265
0.0,13.755021
53.769,31.068464
77.717,63.430054
85.538,91.267975
122.652,112.316154
118.712,122.07082
124.333,126.87825
128.69,119.34753
106.116005,97.06104
103.674995,69.55124
28.265999,27.632248
6.013,7.883043
0.0,5.539544
0.0,3.9982033
0.0,3.2531543
0.0,1.7121919
0.0,1.3255347
0.0,1.7010446
0.0,1.934367
0.0,2.8085275
0.0,2.2285903
0.0,1.0580938
0.0,2.0087478
0.0,5.300427
9.58,11.321214
59.215,29.440722
66.591995,56.215122
108.262,82.75331
112.912,107.15021
171.452,118.38979
104.823,118.20732
87.542,113.31715
53.897,99.44179
83.347,76.3398
40.204,39.73527
1.1819999,16.121496
0.0,7.855002
0.0,5.3602247
0.0,4.9392967
0.0,4.336259
0.0,4.956946
